pipe,top1_acc,top3_acc,mrr,f1_weighted,f1_macro,avg_confidence
pipe1,0.11860042411390488,0.33853377764313847,0.3139845789876084,0.11285673460278703,0.056405737808336784,0.1341264753116329
pipe2,0.44486519236594974,0.7063011208724629,0.5693855397354337,0.36211011742479543,0.21934148418370264,0.8046842099897286
pipe3,0.5130263556498031,0.7618903362617389,0.6606793035299549,0.5355678607219738,0.42248322157853135,0.9447010350891837
